
<?xml version='1.0' encoding='utf-8'?>

<!DOCTYPE hibernate-configuration PUBLIC
        "-//Hibernate/Hibernate Configuration DTD 3.0//EN"
        "http://www.hibernate.org/dtd/hibernate-configuration-3.0.dtd">

<hibernate-configuration>
    <session-factory>

        <!-- 指定方言 -->
        <property name="dialect">org.hibernate.dialect.PostgreSQL82Dialect</property>

        <!-- 映射类 -->
        <mapping class="org.example.MyEntity">
            <property name="id">
                <column name="id" sql-type="1111" />
            </property>
<!--            <property name="name">-->
<!--                <column name="name" sql-type="VARCHAR(255)" />-->
<!--            </property>-->
            <!-- 其他属性 -->
        </mapping>
    </session-factory>
</hibernate-configuration>

